post_id,post_date,is_published,email_sent_at,inbox_sent_at,type,audience,title,subtitle,podcast_url
184167600.genesis-two-stories-of-creation-day-f0e,,false,,,newsletter,everyone,,,
184167598.genesis-two-stories-of-creation-day-a0f,,false,,,newsletter,everyone,,,
184167596.genesis-two-stories-of-creation-day-a70,,false,,,newsletter,everyone,,,
184167593.genesis-two-stories-of-creation-day-340,,false,,,newsletter,everyone,,,
184167577.genesis-two-stories-of-creation-day,,false,,,newsletter,everyone,,,
184167573.genesis-two-stories-of-creation-deep,,false,,,newsletter,everyone,,,
183406712.copy-witness-under-pressure-and-expansion,,false,,,newsletter,everyone,,,
183403829.the-word-before-words-day-55,2026-01-09T12:07:35.138Z,true,2026-01-09T12:07:35.303Z,2026-01-09T12:07:35.303Z,newsletter,everyone,The Word Before Words: Day 5/5,Day 5 of 5: A Study of Genesis & John. ,
183403826.the-word-before-words-day-45,2026-01-08T12:07:34.034Z,true,2026-01-08T12:07:34.196Z,2026-01-08T12:07:34.196Z,newsletter,everyone,The Word Before Words: Day 4/5,Day 4 of 5: A Study of Genesis & John. ,
183403820.the-word-before-words-day-35,2026-01-07T12:07:27.335Z,true,2026-01-07T12:07:27.466Z,2026-01-07T12:07:27.466Z,newsletter,everyone,The Word Before Words: Day 3/5,Day 3 of 5: A Study of Genesis & John. ,
183403818.the-word-before-words-day-25,2026-01-06T12:07:12.947Z,true,2026-01-06T12:07:13.106Z,2026-01-06T12:07:13.106Z,newsletter,everyone,The Word Before Words: Day 2/5,Day 2 of 5: A Study of Genesis & John. ,
183403811.the-word-before-words-day-15,2026-01-05T12:07:26.372Z,true,2026-01-05T12:07:26.578Z,2026-01-05T12:07:26.578Z,newsletter,everyone,The Word Before Words: Day 1/5,Day 1 of 5: A Study of Genesis & John. ,
183386431.the-word-before-words-week-1-deep,2026-01-04T12:07:19.940Z,true,2026-01-04T12:07:20.061Z,2026-01-04T12:07:20.061Z,newsletter,everyone,The Word Before Words: Deep Dive,The Genesis Code: A Deep Dive into Genesis & John. ,
181604879.witness-under-pressure-and-expansion-8cd,2025-12-19T12:03:28.698Z,true,2025-12-19T12:03:28.821Z,2025-12-19T12:03:28.821Z,newsletter,everyone,Witness Under Pressure & Expansion Through Disruption Day 5/5,Day 5 of 5: Acts 10-12,
181604878.witness-under-pressure-and-expansion-4cf,2025-12-18T12:03:05.249Z,true,2025-12-18T12:03:05.424Z,2025-12-18T12:03:05.424Z,newsletter,everyone,Witness Under Pressure & Expansion Through Disruption Day 4/5,Day 4 of 5: Acts 9,
181604870.witness-under-pressure-and-expansion-0d9,2025-12-17T12:02:12.026Z,true,2025-12-17T12:02:12.184Z,2025-12-17T12:02:12.184Z,newsletter,everyone,Witness Under Pressure & Expansion Through Disruption Day 3/5,Day 3 of 5: Acts 8,
181604865.witness-under-pressure-and-expansion-bea,2025-12-16T12:01:27.465Z,true,2025-12-16T12:01:27.641Z,2025-12-16T12:01:27.641Z,newsletter,everyone,Witness Under Pressure & Expansion Through Disruption Day 2/5,Day 2 of 5: Acts 7,
181604851.witness-under-pressure-and-expansion-e3d,2025-12-15T12:03:04.582Z,true,2025-12-15T12:03:04.769Z,2025-12-15T12:03:04.769Z,newsletter,everyone,Witness Under Pressure & Expansion Through Disruption Day 1/5,Day 1 of 5: Acts 6,
181604844.witness-under-pressure-and-expansion,2025-12-15T12:03:24.222Z,true,2025-12-15T12:03:24.368Z,2025-12-15T12:03:24.368Z,newsletter,everyone,Witness Under Pressure & Expansion Through Disruption DeepDive,Master Document for Reference Throughout Week 3. ,
181016268.from-jerusalem-to-the-nations-servants,,false,,,newsletter,everyone,,,
181016226.copy-the-blueprint-of-community-day,,false,,,newsletter,everyone,,,
181016224.copy-the-blueprint-of-community-day,,false,,,newsletter,everyone,,,
181016218.copy-the-blueprint-of-community-day,,false,,,newsletter,everyone,,,
181016213.copy-the-blueprint-of-community-day,,false,,,newsletter,everyone,,,
181016206.copy-the-blueprint-of-community-day,,false,,,newsletter,everyone,,,
181016175.copy-signs-boldness-opposition-and,,false,,,newsletter,everyone,,,
181014532.signs-boldness-opposition-and-integrity-0a1,2025-12-12T12:01:17.183Z,true,2025-12-12T12:01:17.322Z,2025-12-12T12:01:17.322Z,newsletter,everyone,"Signs, Boldness, Opposition, & Integrity Day 5/5",Day 5 of 5: Acts 2:43–47,
181014530.signs-boldness-opposition-and-integrity-dda,2025-12-11T12:02:18.454Z,true,2025-12-11T12:02:18.595Z,2025-12-11T12:02:18.595Z,newsletter,everyone,"Signs, Boldness, Opposition, & Integrity Day 4/5",Day 4 of 5: Acts 4,
181014528.signs-boldness-opposition-and-integrity-912,2025-12-10T12:01:29.265Z,true,2025-12-10T12:01:29.414Z,2025-12-10T12:01:29.414Z,newsletter,everyone,"Signs, Boldness, Opposition, & Integrity 3/5",Day 3 of 5: 4,
181014520.signs-boldness-opposition-and-integrity-16f,2025-12-09T12:01:19.597Z,true,2025-12-09T12:01:19.738Z,2025-12-09T12:01:19.738Z,newsletter,everyone,"Signs, Boldness, Opposition, & Integrity Day 2/5",Day 2 of 5: Acts 3,
181014513.signs-boldness-opposition-and-integrity-fe5,2025-12-08T12:07:41.110Z,true,2025-12-08T12:07:41.263Z,2025-12-08T12:07:41.263Z,newsletter,everyone,"Signs, Boldness, Opposition, & Integrity Day 1/5",Day 1 of 5: Acts 3,
180948921.signs-boldness-opposition-and-integrity,2025-12-08T12:03:00.553Z,true,2025-12-08T12:03:00.949Z,2025-12-08T12:03:00.949Z,newsletter,everyone,"Signs, Boldness, Opposition, and Integrity DeepDive",Master Document for Reference Throughout Week 2. ,
180296770.the-blueprint-of-community-day-55,2025-12-05T12:03:37.817Z,true,2025-12-05T12:03:37.977Z,2025-12-05T12:03:37.977Z,newsletter,everyone,The Blueprint of Community Day 5/5,Day 5 of 5: Acts 2:43–47,
180296767.the-blueprint-of-community-day-45,2025-12-04T12:02:28.767Z,true,2025-12-04T12:02:29.096Z,2025-12-04T12:02:29.096Z,newsletter,everyone,The Blueprint of Community Day 4/5,Day 4 of 5: Acts 2:42–47,
180296763.the-blueprint-of-community-day-35,2025-12-03T12:03:23.595Z,true,2025-12-03T12:03:23.744Z,2025-12-03T12:03:23.744Z,newsletter,everyone,The Blueprint of Community Day 3/5,Day 3 of 5: 2:14–41,
180296761.the-blueprint-of-community-day-25,2025-12-02T15:52:06.509Z,true,2025-12-02T15:52:06.621Z,2025-12-02T15:52:06.621Z,newsletter,everyone,The Blueprint of Community Day 2/5,Day 2 of 5: Acts 2:1-13,
180296760.the-blueprint-of-community-day-15,2025-12-01T12:03:37.935Z,true,2025-12-01T12:03:38.124Z,2025-12-01T12:03:38.124Z,newsletter,everyone,The Blueprint of Community Day 1/5,Day 1 of 5: Acts 1,
180296758.the-blueprint-of-community-deepdive,2025-11-30T12:02:58.436Z,true,2025-11-30T12:02:58.606Z,2025-11-30T12:02:58.606Z,newsletter,everyone,The Blueprint of Community DeepDive,Master Document for Reference Throughout the Week. ,
179179568.the-work-of-god-day-66-week-88,2025-11-28T12:01:58.301Z,true,2025-11-28T12:01:58.453Z,2025-11-28T12:01:58.453Z,newsletter,everyone,"The Work of God Day 6/6, Week 8/8",Day 6 of 6: Put It to Use (Practical Application),
179179562.the-work-of-god-day-56-week-88,2025-11-27T12:01:44.291Z,true,2025-11-27T12:01:44.415Z,2025-11-27T12:01:44.415Z,newsletter,everyone,"The Work of God Day 5/6, Week 8/8",Day 5 of 6: What Will I Do?,
179179552.the-work-of-god-day-46-week-88,2025-11-26T12:02:24.784Z,true,2025-11-26T12:02:24.938Z,2025-11-26T12:02:24.938Z,newsletter,everyone,"The Work of God Day 4/6, Week 8/8",Day 4 of 6: What's the Lesson for Me Today?,
179179542.the-work-of-god-day-36-week-88,2025-11-25T12:02:41.630Z,true,2025-11-25T12:02:41.846Z,2025-11-25T12:02:41.846Z,newsletter,everyone,"The Work of God Day 3/6, Week 8/8",Day 3 of 6: What's the Lesson for the Original Audience?,
179179533.the-work-of-god-day-26-week-88,2025-11-24T12:02:53.289Z,true,2025-11-24T12:02:53.641Z,2025-11-24T12:02:53.641Z,newsletter,everyone,"The Work of God Day 2/6, Week 8/8",Day 2 of 6: What's the Connection?,
179179521.the-work-of-god-day-16-week-88,2025-11-23T12:02:41.999Z,true,2025-11-23T12:02:42.154Z,2025-11-23T12:02:42.154Z,newsletter,everyone,"The Work of God Day 1/6, Week 8/8",Day 1 of 6: What's Happening (and Who's Involved)?,
178207719.the-nature-of-belief-day-66-week,2025-11-21T12:01:27.316Z,true,2025-11-21T12:01:27.468Z,2025-11-21T12:01:27.468Z,newsletter,everyone,"The Nature of Belief. Day 6/6, Week 7/8",Day 6 of 6: Put It to Use (Practical Application),
178207704.the-nature-of-belief-day-56-week,2025-11-20T12:02:10.201Z,true,2025-11-20T12:02:10.427Z,2025-11-20T12:02:10.427Z,newsletter,everyone,"The Nature of Belief. Day 5/6, Week 7/8",Day 5 of 6: What Will I Do?,
178207696.the-nature-of-belief-day-46-week,2025-11-19T12:02:37.067Z,true,2025-11-19T12:02:37.193Z,2025-11-19T12:02:37.193Z,newsletter,everyone,"The Nature of Belief. Day 4/6, Week 7/8",Day 4 of 6: What's the Lesson for Me Today?,
178207689.the-nature-of-belief-day-36-week,2025-11-18T12:01:38.746Z,true,2025-11-18T12:01:38.939Z,2025-11-18T12:01:38.939Z,newsletter,everyone,"The Nature of Belief. Day 3/6, Week 7/8",Day 3 of 6: What's the Lesson for the Original Audience?,
178207685.the-nature-of-belief-day-26-week,2025-11-17T12:02:23.453Z,true,2025-11-17T12:02:23.554Z,2025-11-17T12:02:23.554Z,newsletter,everyone,"The Nature of Belief. Day 2/6, Week 7/8",Day 2 of 6: What's the Connection?,
178207679.the-nature-of-belief-day-16-week,2025-11-16T12:02:38.915Z,true,2025-11-16T12:02:39.166Z,2025-11-16T12:02:39.166Z,newsletter,everyone,"The Nature of Belief. Day 1/6, Week 7/8",Day 1 of 6: What's Happening (and Who's Involved)?,
178122051.what-happens-when-you-repeatedly-a90,2025-11-14T12:00:50.546Z,true,2025-11-14T12:00:50.733Z,2025-11-14T12:00:50.733Z,newsletter,everyone,"What Happens When You Repeatedly Do the Same Sin? Day 6/6, Week 6/8",Day 6 of 6: Put It to Use (Practical Application),
178122049.what-happens-when-you-repeatedly-085,2025-11-13T12:02:33.580Z,true,2025-11-13T12:02:33.715Z,2025-11-13T12:02:33.715Z,newsletter,everyone,"What Happens When You Repeatedly Do the Same Sin? Day 5/6, Week 6/8",Day 5 of 6: What Will I Do?,
178122039.what-happens-when-you-repeatedly-02c,2025-11-12T12:01:12.561Z,true,2025-11-12T12:01:12.730Z,2025-11-12T12:01:12.730Z,newsletter,everyone,"What Happens When You Repeatedly Do the Same Sin? Day 4/6, Week 6/8",Day 4 of 6: What's the Lesson for Me Today?,
178122035.what-happens-when-you-repeatedly-d87,2025-11-11T12:00:50.905Z,true,2025-11-11T12:00:51.097Z,2025-11-11T12:00:51.097Z,newsletter,everyone,"What Happens When You Repeatedly Do the Same Sin? Day 3/6, Week 6/8",Day 3 of 6: What's the Lesson for the Original Audience?,
178122018.what-happens-when-you-repeatedly-b38,2025-11-10T12:01:54.121Z,true,2025-11-10T12:01:54.234Z,2025-11-10T12:01:54.234Z,newsletter,everyone,"What Happens When You Repeatedly Do the Same Sin? Day 2/6, Week 6/8",Day 2 of 6: What's the Connection?,
178122010.what-happens-when-you-repeatedly,2025-11-09T12:01:36.063Z,true,2025-11-09T12:01:36.205Z,2025-11-09T12:01:36.205Z,newsletter,everyone,"What Happens When You Repeatedly Do the Same Sin? Day 1/6, Week 6/8",Day 1 of 6: What's Happening (and Who's Involved)?,
177895285.once-saved-always-saved-day-66-week,2025-11-07T14:38:21.990Z,true,2025-11-07T14:38:22.113Z,2025-11-07T14:38:22.113Z,newsletter,everyone,"Once Saved, Always Saved? Day 6/6, Week 5/8",Day 6 of 6: Put It to Use (Practical Application),
177895278.once-saved-always-saved-day-56-week,2025-11-06T12:00:18.012Z,true,2025-11-06T12:00:18.147Z,2025-11-06T12:00:18.147Z,newsletter,everyone,"Once Saved, Always Saved? Day 5/6, Week 5/8",Day 5 of 6: What Will I Do?,
177895272.once-saved-always-saved-day-46-week,2025-11-05T12:00:13.065Z,true,2025-11-05T12:00:13.207Z,2025-11-05T12:00:13.207Z,newsletter,everyone,"Once Saved, Always Saved? Day 4/6, Week 5/8",Day 4 of 6: What's the Lesson for Me Today?,
177775076.once-saved-always-saved-day-36-week,2025-11-04T12:03:06.520Z,true,2025-11-04T12:03:06.652Z,2025-11-04T12:03:06.652Z,newsletter,everyone,"Once Saved, Always Saved? Day 3/6, Week 5/8",Day 3 of 6: What's the Lesson for the Original Audience?,
177775072.once-saved-always-saved-day-26-week,2025-11-03T12:03:03.159Z,true,2025-11-03T12:03:03.344Z,2025-11-03T12:03:03.344Z,newsletter,everyone,"Once Saved, Always Saved? Day 2/6, Week 5/8",Day 2 of 6: What's the Connection?,
177774604.once-saved-always-saved-day-16-week,2025-11-02T12:02:51.952Z,true,2025-11-02T12:02:52.079Z,2025-11-02T12:02:52.079Z,newsletter,everyone,"Once Saved, Always Saved? Day 1/6, Week 5/8",Day 1 of 6: What's Happening (and Who's Involved)?,
176923319.what-is-carrying-a-cross-day-66-week,2025-10-31T11:02:41.467Z,true,2025-10-31T11:02:41.594Z,2025-10-31T11:02:41.594Z,newsletter,everyone,"What is Carrying a Cross? Day 6/6, Week 4/8",Day 6 of 6: Put It to Use (Practical Application),
176923307.what-is-carrying-a-cross-day-56-week,2025-10-30T11:03:14.348Z,true,2025-10-30T11:03:14.560Z,2025-10-30T11:03:14.560Z,newsletter,everyone,"What is Carrying a Cross? Day 5/6, Week 4/8",Day 5 of 6: What Will I Do?,
176923289.what-is-carrying-a-cross-day-46-week,2025-10-29T11:02:45.896Z,true,2025-10-29T11:02:46.039Z,2025-10-29T11:02:46.039Z,newsletter,everyone,"What is Carrying a Cross? Day 4/6, Week 4/8",Day 4 of 6: What's the Lesson for Me Today?,
176923285.what-is-carrying-a-cross-day-36-week,2025-10-28T11:03:09.574Z,true,2025-10-28T11:03:09.727Z,2025-10-28T11:03:09.727Z,newsletter,everyone,"What is Carrying a Cross? Day 3/6, Week 4/8",Day 3 of 6: What's the Lesson for the Original Audience?,
176923277.what-is-carrying-a-cross-day-26-week,2025-10-27T11:02:00.430Z,true,2025-10-27T11:02:00.550Z,2025-10-27T11:02:00.550Z,newsletter,everyone,"What is Carrying a Cross? Day 2/6, Week 4/8",Day 2 of 6: What's the Connection?,
176923270.what-is-carrying-a-cross-day-16-week,2025-10-26T11:02:23.345Z,true,2025-10-26T11:02:23.543Z,2025-10-26T11:02:23.543Z,newsletter,everyone,"What is Carrying a Cross? Day 1/6, Week 4/8",Day 1 of 6: What's Happening (and Who's Involved)?,
176520634.what-does-it-mean-to-believe-day-78f,2025-10-24T11:01:20.031Z,true,2025-10-24T11:01:20.157Z,2025-10-24T11:01:20.157Z,newsletter,everyone,"What Does it Mean to Believe? Day 6/6, Week 3/8",Day 6 of 6: Put It to Use (Practical Application),
176520630.what-does-it-mean-to-believe-day-400,2025-10-23T11:00:58.936Z,true,2025-10-23T11:00:59.044Z,2025-10-23T11:00:59.044Z,newsletter,everyone,"What Does it Mean to Believe? Day 5/6, Week 3/8",Day 5 of 6: What Will I Do?,
176520629.what-does-it-mean-to-believe-day-546,2025-10-22T11:03:08.102Z,true,2025-10-22T11:03:08.257Z,2025-10-22T11:03:08.257Z,newsletter,everyone,"What Does it Mean to Believe? Day 4/6, Week 3/8",Day 4 of 6: What's the Lesson for Me Today?,
176520624.what-does-it-mean-to-believe-day-5d9,2025-10-21T11:01:55.543Z,true,2025-10-21T11:01:55.674Z,2025-10-21T11:01:55.674Z,newsletter,everyone,"What Does it Mean to Believe? Day 3/6, Week 3/8",Day 3 of 6: What's the Lesson for the Original Audience?,
176520620.what-does-it-mean-to-believe-day-221,2025-10-20T11:25:10.433Z,true,2025-10-20T11:25:10.550Z,2025-10-20T11:25:10.550Z,newsletter,everyone,"What Does it Mean to Believe? Day 2/6, Week 3/8",Day 2 of 6: What's the Connection?,
176520613.what-does-it-mean-to-believe-day,2025-10-19T11:01:27.003Z,true,2025-10-19T11:01:27.137Z,2025-10-19T11:01:27.137Z,newsletter,everyone,"What Does it Mean to Believe? Day 1/6, Week 2/8",Day 1 of 6: What's Happening (and Who's Involved)?,
175815605.why-jesus-day-66-week-18,2025-10-17T11:02:11.229Z,true,2025-10-17T11:02:11.350Z,2025-10-17T11:02:11.350Z,newsletter,everyone,"Why Jesus? Day 6/6, Week 2/8",Day 6 of 6: Put It to Use (Practical Application),
175815601.why-jesus-day-56-week-18,2025-10-16T11:03:00.196Z,true,2025-10-16T11:03:00.320Z,2025-10-16T11:03:00.320Z,newsletter,everyone,"Why Jesus? Day 5/6, Week 2/8",Day 5 of 6: What Will I Do?,
175815589.why-jesus-day-46-week-18,2025-10-15T11:01:58.232Z,true,2025-10-15T11:01:58.354Z,2025-10-15T11:01:58.354Z,newsletter,everyone,"Why Jesus? Day 4/6, Week 2/8",Day 4 of 6: What's the Lesson for Me Today?,
175815581.why-jesus-day-36-week-18,2025-10-14T11:02:13.911Z,true,2025-10-14T11:02:14.021Z,2025-10-14T11:02:14.021Z,newsletter,everyone,"Why Jesus? Day 3/6, Week 2/8",Day 3 of 6: What's the Lesson for the Original Audience?,
175815576.why-jesus-day-26-week-18,2025-10-13T11:03:09.338Z,true,2025-10-13T11:03:09.471Z,2025-10-13T11:03:09.471Z,newsletter,everyone,"Why Jesus? Day 2/6, Week 2/8",Day 2 of 6: What's the Connection?,
175815564.why-jesus-day-16-week-18,2025-10-12T11:02:55.277Z,true,2025-10-12T11:02:55.435Z,2025-10-12T11:02:55.435Z,newsletter,everyone,"Why Jesus? Day 1/6, Week 2/8",Day 1 of 6: What's Happening (and Who's Involved)?,
175322733.what-is-the-gospel-day-66-week-18,2025-10-10T11:00:32.799Z,true,2025-10-10T11:00:33.012Z,2025-10-10T11:00:33.012Z,newsletter,everyone,"What is the Gospel? Day 6/6, Week 1/8",Day 6 of 6: Put It to Use (Practical Application),
175322724.what-is-the-gospel-day-56-week-18,2025-10-09T11:01:16.520Z,true,2025-10-09T11:01:16.659Z,2025-10-09T11:01:16.659Z,newsletter,everyone,"What is the Gospel? Day 5/6, Week 1/8",Day 5 of 6: What Will I Do?,
175322543.what-is-the-gospel-day-46-week-18,2025-10-08T11:00:14.113Z,true,2025-10-08T11:00:14.238Z,2025-10-08T11:00:14.238Z,newsletter,everyone,"What is the Gospel? Day 4/6, Week 1/8",Day 4 of 6: What's the Lesson for Me Today?,
175321852.what-is-the-gospel-day-36-week-18,2025-10-07T11:07:23.412Z,true,2025-10-07T11:07:23.531Z,2025-10-07T11:07:23.531Z,newsletter,everyone,"What is the Gospel? Day 3/6, Week 1/8",Day 3 of 6: What's the Lesson for the Original Audience?,
175321847.what-is-the-gospel-day-26-week-28,2025-10-06T11:00:32.098Z,true,2025-10-06T11:00:32.206Z,2025-10-06T11:00:32.206Z,newsletter,everyone,"What is the Gospel? Day 2/6, Week 1/8",Day 2 of 6: What's the Connection?,
175318931.what-is-the-gospel-week-18,2025-10-05T11:00:39.023Z,true,2025-10-05T11:00:39.156Z,2025-10-05T11:00:39.156Z,newsletter,everyone,"What is the Gospel? Day 1/6, Week 1/8",Day 1 of 6: What's Happening (and Who's Involved)?,
174396053.in-the-beginning-week-1-the-god-who-143,,false,,,newsletter,everyone,,,
174396044.in-the-beginning-week-1-the-god-who-b48,,false,,,newsletter,everyone,,,
174396033.in-the-beginning-week-1-the-god-who-1fa,,false,,,newsletter,everyone,,,
174396024.in-the-beginning-week-1-the-god-who-c09,,false,,,newsletter,everyone,,,
174396016.in-the-beginning-week-1-the-god-who-fac,,false,,,newsletter,everyone,,,
174395966.in-the-beginning-week-1-the-god-who,,false,,,newsletter,everyone,,,
174355177.surrender-to-gods-will-66,2025-10-03T11:02:08.275Z,true,2025-10-03T11:02:08.379Z,2025-10-03T11:02:08.379Z,newsletter,everyone,Surrender to God's Will 6/6,Day 6 of 6: The Surrendered Life as a Witness,
174355127.surrender-to-gods-will-56,2025-10-02T11:02:59.948Z,true,2025-10-02T11:03:00.132Z,2025-10-02T11:03:00.132Z,newsletter,everyone,Surrender to God's Will 5/6,Day 5 of 6: The Cost of Non-Surrender,
174355096.surrender-to-gods-will-46,2025-10-01T11:02:24.620Z,true,2025-10-01T11:02:24.771Z,2025-10-01T11:02:24.771Z,newsletter,everyone,Surrender to God's Will 4/6,Day 4 of 6: The Fruit of Abiding,
174355072.surrender-to-gods-will-36,2025-09-30T11:02:26.394Z,true,2025-09-30T11:02:26.520Z,2025-09-30T11:02:26.520Z,newsletter,everyone,Surrender to God's Will 3/6,Day 3 of 6: The Freedom in Surrender,
174355045.surrender-to-gods-will-26,2025-09-29T11:03:07.938Z,true,2025-09-29T11:03:08.052Z,2025-09-29T11:03:08.052Z,newsletter,everyone,Surrender to God's Will 2/6,Day 2 of 6: The Love That Surrenders,
174258244.surrender-to-gods-will-16,2025-09-28T11:02:30.231Z,true,2025-09-28T11:02:30.359Z,2025-09-28T11:02:30.359Z,newsletter,everyone,Surrender to God's Will 1/6,Day 1 of 6: The Agony of Surrender,
174133354.abiding-in-his-presence-66,2025-09-26T11:00:43.590Z,true,2025-09-26T11:00:43.734Z,2025-09-26T11:00:43.734Z,newsletter,everyone,Abiding in His Presence 6/6,Day 6 of 6: Living the Abiding Life,
174133346.abiding-in-his-presence-56,2025-09-25T11:00:25.946Z,true,2025-09-25T11:00:26.074Z,2025-09-25T11:00:26.074Z,newsletter,everyone,Abiding in His Presence 5/6,Day 5 of 6: Abiding in the Storms,
174133340.abiding-in-his-presence-46,2025-09-24T11:00:55.872Z,true,2025-09-24T11:00:55.976Z,2025-09-24T11:00:55.976Z,newsletter,everyone,Abiding in His Presence 4/6,Day 4 of 6: The Fruit of Abiding,
174133333.abiding-in-his-presence-36,2025-09-23T11:01:04.227Z,true,2025-09-23T11:01:04.372Z,2025-09-23T11:01:04.372Z,newsletter,everyone,Abiding in His Presence 3/6,Day 3 of 6: Making God's Presence Your Permanent Address,
174133298.abiding-in-his-presence-26,2025-09-22T11:01:14.181Z,true,2025-09-22T11:01:14.352Z,2025-09-22T11:01:14.352Z,newsletter,everyone,Abiding in His Presence 2/6,Day 2 of 6: Finding the Secret Place,
174133221.abiding-in-his-presence-16,2025-09-21T11:00:52.355Z,true,2025-09-21T11:00:52.434Z,2025-09-21T11:00:52.434Z,newsletter,everyone,Abiding in His Presence 1/6,Day 1 of 6: From Visiting to Dwelling,
173668642.hearing-god-in-the-noise-66,2025-09-19T11:02:07.665Z,true,2025-09-19T11:02:07.791Z,2025-09-19T11:02:07.791Z,newsletter,everyone,Hearing God in the Noise 6/6,Day 6 of 6: Building Rhythms of Grace,
173667875.hearing-god-in-the-noise-56,2025-09-18T11:02:50.953Z,true,2025-09-18T11:02:51.049Z,2025-09-18T11:02:51.049Z,newsletter,everyone,Hearing God in the Noise 5/6,Day 5 of 6: Discerning God's Voice vs. My Feelings,
173667028.hearing-god-in-the-noise-46,2025-09-17T11:03:22.577Z,true,2025-09-17T11:03:22.677Z,2025-09-17T11:03:22.677Z,newsletter,everyone,Hearing God in the Noise 4/6,Day 4 of 6: Hearing Through Scripture,
173663127.hearing-god-in-the-noise-36,2025-09-16T11:03:10.363Z,true,2025-09-16T11:03:10.467Z,2025-09-16T11:03:10.467Z,newsletter,everyone,Hearing God in the Noise 3/6,Day 3 of 6: God's Whisper vs. Human Chaos,
173504465.hearing-god-in-the-noise-26,2025-09-15T11:02:50.579Z,true,2025-09-15T11:02:50.736Z,2025-09-15T11:02:50.736Z,newsletter,everyone,Hearing God in the Noise 2/6,Day 2 of 6: Filtering Spiritual Noise,
173504049.hearing-god-in-the-noise-16,2025-09-14T11:02:45.835Z,true,2025-09-14T11:02:45.968Z,2025-09-14T11:02:45.968Z,newsletter,everyone,Hearing God in the Noise 1/6,Day 1 of 6: Recognizing God's Voice in the Noise,
173127793.too-busy-for-god-66,2025-09-13T11:02:17.906Z,true,2025-09-13T11:02:18.003Z,2025-09-13T11:02:18.003Z,newsletter,everyone,Too Busy for God 6/6,Day 6 of 6: The One Practice That Prevents Spiritual Amnesia,
173126643.too-busy-for-god-56,2025-09-12T11:03:44.861Z,true,2025-09-12T11:03:44.962Z,2025-09-12T11:03:44.962Z,newsletter,everyone,Too Busy for God 5/6,Day 5 of 6: Why Having Less Might Actually Be Having More,
173125840.too-busy-for-god-46,2025-09-11T11:02:01.273Z,true,2025-09-11T11:02:01.563Z,2025-09-11T11:02:01.563Z,newsletter,everyone,Too Busy for God 4/6,Day 4 of 6: The Missing Foundation That Makes All Wisdom Possible,
173103362.too-busy-for-god-36,2025-09-10T11:03:05.899Z,true,2025-09-10T11:03:06.001Z,2025-09-10T11:03:06.001Z,newsletter,everyone,Too Busy for God 3/6,Day 3 of 6: Are You Planting in Winter? Understanding God's Seasons,
173097650.too-busy-for-god-26,2025-09-09T11:03:07.802Z,true,2025-09-09T11:03:08.822Z,2025-09-09T11:03:08.822Z,newsletter,everyone,Too Busy for God 2/6,Day 2 of 6: The Ancient Secret to Slowing Down Without Falling Behind,
173085362.too-busy-for-god-16,2025-09-08T16:02:05.351Z,true,2025-09-08T16:02:05.476Z,2025-09-08T16:02:05.476Z,newsletter,everyone,Too Busy for God 1/6,Day 1 of 6: Why Your Busy Life Might Be Meaningless Vapor ,
173050460.too-busy-for-god,,false,,,newsletter,everyone,,,
173050458.how-to-use-the-substack-editor,,false,,,newsletter,everyone,,,
